page,course_code,course_name,group,day,start_time,end_time,activity_type,mode,room
1,CHM131,CHIMIE ET MATÉRIAUX,01,Monday,13:30,16:30,Lab,In-person,B-1720
1,CHM131,CHIMIE ET MATÉRIAUX,01,Wednesday,09:00,12:30,Lecture,In-person,B-1504
1,CHM131,CHIMIE ET MATÉRIAUX,02,Friday,09:00,12:30,Lecture,In-person,B-1404
1,CHM131,CHIMIE ET MATÉRIAUX,02,Tuesday,13:30,16:30,Lab,In-person,B-1720
1,CHM131,CHIMIE ET MATÉRIAUX,03,Thursday,09:00,12:30,Lecture,In-person,B-1504
1,CHM131,CHIMIE ET MATÉRIAUX,03,Tuesday,09:00,12:00,Lab,In-person,B-1720
1,CHM131,CHIMIE ET MATÉRIAUX,04,Monday,09:00,12:30,Lecture,In-person,B-1720
1,CHM131,CHIMIE ET MATÉRIAUX,04,Thursday,13:30,16:30,Lab,In-person,B-1720
1,CHM131,CHIMIE ET MATÉRIAUX,05,Monday,18:00,21:00,Lab,In-person,B-1720
1,CHM131,CHIMIE ET MATÉRIAUX,05,Thursday,18:00,21:30,Lecture,In-person,B-1708
1,CHM131,CHIMIE ET MATÉRIAUX,06,Thursday,09:00,12:00,Lab,In-person,B-1720
1,CHM131,CHIMIE ET MATÉRIAUX,06,Tuesday,09:00,12:30,Lecture,In-person,B-1404
1,COM120,MÉTHODES DE COMMUNICATION,01,Thursday,08:30,12:30,Lab,,B-3408
1,COM120,MÉTHODES DE COMMUNICATION,01,Tuesday,09:00,12:30,Lecture,In-person,D-4008
1,COM120,MÉTHODES DE COMMUNICATION,02,Monday,13:30,17:00,Lecture,In-person,B-1504
1,COM120,MÉTHODES DE COMMUNICATION,02,Wednesday,08:30,12:30,Lab,,B-3410
1,COM120,MÉTHODES DE COMMUNICATION,03,Monday,18:00,22:00,Lab,,B-3410
1,COM120,MÉTHODES DE COMMUNICATION,03,Wednesday,18:00,21:30,Lecture,In-person,B-1502
1,COM410,RÉDACTION TECHNIQUE ET COMMUNICATION EN,01,Thursday,13:30,17:00,Lecture,In-person,B-3428
1,COM410,RÉDACTION TECHNIQUE ET COMMUNICATION EN,01,Wednesday,13:30,17:30,Lab,,B-3410
1,ELE747,ANALYSE ET TRAITEMENT D'IMAGES,01,Thursday,08:30,12:30,Lab,,A-2446
1,ELE747,ANALYSE ET TRAITEMENT D'IMAGES,01,Tuesday,13:30,17:00,Lecture,In-person,F-3016
1,ENT201,GESTION FINANCIÈRE D'ENTREPRISE,01,Thursday,09:00,11:00,Lab,In-person,E-4025
1,ENT201,GESTION FINANCIÈRE D'ENTREPRISE,01,Tuesday,13:30,17:00,Lecture,In-person,E-4025
2,ENT202,INTRODUCTION À L'ENTREPRENEURSHIP,01,Monday,09:00,12:30,Lecture,In-person,B-3428
2,ENT202,INTRODUCTION À L'ENTREPRENEURSHIP,01,Wednesday,18:00,20:00,Lab,In-person,B-0906
2,ETH610,ENJEUX ÉTHIQUES DE L’INTELLIGENCE ARTIFICIELLE,01,Friday,08:30,10:30,Lab,,B-1706
2,ETH610,ENJEUX ÉTHIQUES DE L’INTELLIGENCE ARTIFICIELLE,01,Friday,10:30,12:30,Lab,,B-1706
2,ETH610,ENJEUX ÉTHIQUES DE L’INTELLIGENCE ARTIFICIELLE,01,Wednesday,13:30,17:00,Lecture,In-person,B-1516
2,GIA400,ANALYSE DE RENTABILITÉ DE PROJETS,01,Monday,09:00,12:30,Lecture,In-person,B-1504
2,GIA400,ANALYSE DE RENTABILITÉ DE PROJETS,01,Thursday,08:30,12:30,Lab,,B-1514
2,GIA400,ANALYSE DE RENTABILITÉ DE PROJETS,02,Monday,13:30,17:30,Lab,,B-1518
2,GIA400,ANALYSE DE RENTABILITÉ DE PROJETS,02,Wednesday,13:30,17:00,Lecture,In-person,B-1502
2,GIA400,ANALYSE DE RENTABILITÉ DE PROJETS,03,Tuesday,18:00,22:00,Lab,,
2,GIA400,ANALYSE DE RENTABILITÉ DE PROJETS,03,Wednesday,18:00,21:30,Lecture,Hybrid,K. Lagacé
2,GIA400,ANALYSE DE RENTABILITÉ DE PROJETS,04,Monday,13:30,17:00,Lecture,In-person,B-4408
2,GIA400,ANALYSE DE RENTABILITÉ DE PROJETS,04,Wednesday,13:30,17:30,Lab,,B-1506
2,GIA602,ERGONOMIE ET SÉCURITÉ EN MILIEU INDUSTRIEL,01,Monday,08:30,12:00,Lecture,In-person,F-3064
2,GIA602,ERGONOMIE ET SÉCURITÉ EN MILIEU INDUSTRIEL,01,Wednesday,13:30,17:30,Lab,,F-2040
2,GIA602,ERGONOMIE ET SÉCURITÉ EN MILIEU INDUSTRIEL,02,Friday,18:00,22:00,Lab,,D-4017
2,GIA602,ERGONOMIE ET SÉCURITÉ EN MILIEU INDUSTRIEL,02,Tuesday,18:00,21:30,Lecture,In-person,D-4007
3,GPE450,GESTION DU PERSONNEL ET RELATIONS,01,Monday,08:30,12:00,Lecture,Distance,S. Tétreault
3,GPE450,GESTION DU PERSONNEL ET RELATIONS,01,Wednesday,13:30,15:30,Lab,Distance,S. Tétreault
3,GPE450,GESTION DU PERSONNEL ET RELATIONS,02,Tuesday,18:00,21:30,Lecture,Distance,S. Tétreault
3,GPE450,GESTION DU PERSONNEL ET RELATIONS,02,Wednesday,18:00,20:00,Lab,Distance,S. Tétreault
3,GPE450,GESTION DU PERSONNEL ET RELATIONS,03,Monday,13:30,15:30,Lab,Distance,S. Tétreault
3,GPE450,GESTION DU PERSONNEL ET RELATIONS,03,Tuesday,13:30,17:00,Lecture,Distance,S. Tétreault
3,GTI320,PROGRAMMATION MATHÉMATIQUE : PATRONS ET,01,Friday,13:30,15:30,Lab,,A-3342
3,GTI320,PROGRAMMATION MATHÉMATIQUE : PATRONS ET,01,Friday,15:30,17:30,Lab,,A-3342
3,GTI320,PROGRAMMATION MATHÉMATIQUE : PATRONS ET,01,Wednesday,08:30,12:00,Lecture,In-person,D-4012
3,GTI350,CONCEPTION ET ÉVALUATION DES INTERFACES,01,Monday,13:30,17:00,Lecture,Hybrid,D-5025
3,GTI350,CONCEPTION ET ÉVALUATION DES INTERFACES,01,Tuesday,08:30,11:30,Lab,Hybrid,A-3346
3,GTI350,CONCEPTION ET ÉVALUATION DES INTERFACES,02,Monday,13:30,16:30,Lab,Hybrid,A-3220
3,GTI350,CONCEPTION ET ÉVALUATION DES INTERFACES,02,Tuesday,08:30,12:00,Lecture,Hybrid,D-5023
3,GTI510,GESTION DE PROJETS ET ASSURANCE DE LA QUALITÉ,01,Thursday,13:30,15:30,Lab,,A-3450
3,GTI510,GESTION DE PROJETS ET ASSURANCE DE LA QUALITÉ,01,Thursday,15:30,17:30,Lab,,A-3450
3,GTI510,GESTION DE PROJETS ET ASSURANCE DE LA QUALITÉ,01,Tuesday,13:30,17:00,Lecture,In-person,D-5025
3,GTI510,GESTION DE PROJETS ET ASSURANCE DE LA QUALITÉ,02,Monday,18:00,20:00,Lab,Distance,A-3220
3,GTI510,GESTION DE PROJETS ET ASSURANCE DE LA QUALITÉ,02,Tuesday,18:00,21:30,Lecture,Distance,
3,GTI525,TECHNOLOGIES DE DÉVELOPPEMENT INTERNET,01,Friday,08:30,10:30,Lab,Hybrid,A-3342
3,GTI525,TECHNOLOGIES DE DÉVELOPPEMENT INTERNET,01,Monday,13:30,17:00,Lecture,Hybrid,D-5009
3,GTI611,RÉSEAUX DE COMMUNICATION IP,01,Friday,08:30,11:30,Lab,In-person,A-3346
3,GTI611,RÉSEAUX DE COMMUNICATION IP,01,Thursday,08:30,12:00,Lecture,In-person,D-5025
3,GTI611,RÉSEAUX DE COMMUNICATION IP,02,Friday,08:30,12:00,Lecture,In-person,D-5025
3,GTI611,RÉSEAUX DE COMMUNICATION IP,02,Thursday,08:30,11:30,Lab,In-person,A-3230
3,GTI619,SÉCURITÉ DES SYSTÈMES,01,Thursday,18:00,20:00,Lab,Hybrid,A-3346
3,GTI619,SÉCURITÉ DES SYSTÈMES,01,Tuesday,18:00,21:30,Lecture,Hybrid,A-1424
3,GTI700,PRINCIPES ET FONDEMENTS DE L’INTERNET DES,01,Thursday,18:00,20:00,Lab,,A-3446
3,GTI700,PRINCIPES ET FONDEMENTS DE L’INTERNET DES,01,Thursday,18:00,20:00,Lab,,A-3450
3,GTI700,PRINCIPES ET FONDEMENTS DE L’INTERNET DES,01,Tuesday,18:00,21:30,Lecture,In-person,D-5025
4,GTI719,SÉCURITÉ DES RÉSEAUX D'ENTREPRISE,01,Monday,18:00,21:30,Lecture,In-person,D-4019
4,GTI719,SÉCURITÉ DES RÉSEAUX D'ENTREPRISE,01,Wednesday,18:00,20:00,Lab,In-person,A-3346
4,GTI720,PROTECTION DES RENSEIGNEMENTS PERSONNELS,01,Monday,08:30,12:00,Lecture,Hybrid,D-5012
4,GTI720,PROTECTION DES RENSEIGNEMENTS PERSONNELS,01,Wednesday,13:30,15:30,Lab,,A-3412
4,GTI720,PROTECTION DES RENSEIGNEMENTS PERSONNELS,01,Wednesday,15:30,17:30,Lab,,A-3412
4,GTI745,INTERFACES UTILISATEURS AVANCÉES,01,Monday,08:30,12:00,Lecture,In-person,D-4012
4,GTI745,INTERFACES UTILISATEURS AVANCÉES,01,Thursday,13:30,15:30,Lab,,A-3230
4,GTI745,INTERFACES UTILISATEURS AVANCÉES,01,Thursday,15:30,17:30,Lab,,A-3230
4,GTI750,PROGRAMMATION ET ALGORITHMES QUANTIQUES,01,Thursday,18:00,20:00,Lab,In-person,A-3412
4,GTI750,PROGRAMMATION ET ALGORITHMES QUANTIQUES,01,Wednesday,18:00,21:30,Lecture,In-person,F-3046
4,GTI771,APPRENTISSAGE MACHINE AVANCÉ,01,Friday,13:30,15:30,Lab,In-person,A-3446
4,GTI771,APPRENTISSAGE MACHINE AVANCÉ,01,Monday,08:30,12:00,Lecture,In-person,F-3009
4,INF111,PROGRAMMATION ORIENTÉE-OBJET (HORS,01,Monday,09:00,12:30,Lecture,In-person,B-1404
4,INF111,PROGRAMMATION ORIENTÉE-OBJET (HORS,01,Wednesday,13:30,16:30,Lab,In-person,B-1404
4,INF111,PROGRAMMATION ORIENTÉE-OBJET (HORS,03,Friday,09:00,12:00,Lab,In-person,B-1506
4,INF111,PROGRAMMATION ORIENTÉE-OBJET (HORS,03,Thursday,13:30,17:00,Lecture,In-person,B-4408
4,INF111,PROGRAMMATION ORIENTÉE-OBJET (HORS,80,Thursday,09:00,12:30,Lecture,In-person,D-4007
4,INF111,PROGRAMMATION ORIENTÉE-OBJET (HORS,80,Tuesday,09:00,12:00,Lab,In-person,D-4010
5,ING150,STATIQUE ET DYNAMIQUE,01,Monday,09:00,12:30,Lecture,In-person,B-1516
5,ING150,STATIQUE ET DYNAMIQUE,01,Tuesday,13:30,16:30,Lab,In-person,B-1518
5,ING150,STATIQUE ET DYNAMIQUE,02,Monday,13:30,16:30,Lab,In-person,B-3428
5,ING150,STATIQUE ET DYNAMIQUE,02,Wednesday,13:30,17:00,Lecture,In-person,B-3428
5,ING150,STATIQUE ET DYNAMIQUE,03,Thursday,13:30,16:30,Lab,In-person,B-1516
5,ING150,STATIQUE ET DYNAMIQUE,03,Tuesday,09:00,12:30,Lecture,In-person,B-1706
5,ING150,STATIQUE ET DYNAMIQUE,04,Friday,09:00,12:00,Lab,In-person,B-1708
5,ING150,STATIQUE ET DYNAMIQUE,04,Thursday,09:00,12:30,Lecture,In-person,B-1706
5,ING150,STATIQUE ET DYNAMIQUE,05,Monday,18:00,21:00,Lab,In-person,B-1706
5,ING150,STATIQUE ET DYNAMIQUE,05,Wednesday,18:00,21:30,Lecture,In-person,B-1706
5,ING160,THERMODYNAMIQUE ET MÉCANIQUE DES FLUIDES,01,Friday,13:30,16:30,Lab,In-person,B-1720
5,ING160,THERMODYNAMIQUE ET MÉCANIQUE DES FLUIDES,01,Wednesday,09:00,12:30,Lecture,In-person,B-1404
5,ING160,THERMODYNAMIQUE ET MÉCANIQUE DES FLUIDES,02,Thursday,18:00,21:30,Lecture,In-person,B-1720
5,ING160,THERMODYNAMIQUE ET MÉCANIQUE DES FLUIDES,02,Tuesday,18:00,21:00,Lab,In-person,B-1720
5,ING500,OUTILS DE DÉVELOPPEMENT DURABLE POUR,01,Monday,18:00,22:00,Lab,In-person,B-3432
5,ING500,OUTILS DE DÉVELOPPEMENT DURABLE POUR,01,Thursday,18:00,21:30,Lecture,In-person,B-3414
5,LOG100,PROGRAMMATION ET RÉSEAUTIQUE EN GÉNIE,01,Monday,08:30,11:30,Lab,In-person,A-3342
5,LOG100,PROGRAMMATION ET RÉSEAUTIQUE EN GÉNIE,01,Wednesday,13:30,17:00,Lecture,In-person,D-4018
5,LOG100,PROGRAMMATION ET RÉSEAUTIQUE EN GÉNIE,02,Monday,08:30,12:00,Lecture,In-person,D-5017
5,LOG100,PROGRAMMATION ET RÉSEAUTIQUE EN GÉNIE,02,Wednesday,13:30,16:30,Lab,In-person,A-3450
5,LOG121,CONCEPTION ORIENTÉE OBJET,01,Monday,13:30,16:30,Lab,In-person,A-3450
5,LOG121,CONCEPTION ORIENTÉE OBJET,01,Wednesday,08:30,12:00,Lecture,In-person,D-5007
5,LOG121,CONCEPTION ORIENTÉE OBJET,02,Friday,08:30,11:30,Lab,In-person,A-3450
5,LOG121,CONCEPTION ORIENTÉE OBJET,02,Thursday,13:30,17:00,Lecture,In-person,D-4018
5,LOG121,CONCEPTION ORIENTÉE OBJET,03,Monday,13:30,17:00,Lecture,In-person,F-2054
5,LOG121,CONCEPTION ORIENTÉE OBJET,03,Wednesday,08:30,11:30,Lab,In-person,A-3450
5,LOG121,CONCEPTION ORIENTÉE OBJET,04,Friday,08:30,12:00,Lecture,In-person,D-3019
5,LOG121,CONCEPTION ORIENTÉE OBJET,04,Thursday,13:30,16:30,Lab,In-person,A-3412
5,LOG210,ANALYSE ET CONCEPTION DE LOGICIELS,01,Friday,13:30,17:00,Lecture,In-person,A-1424
5,LOG210,ANALYSE ET CONCEPTION DE LOGICIELS,01,Monday,13:30,16:30,Lab,In-person,A-3342
5,LOG210,ANALYSE ET CONCEPTION DE LOGICIELS,02,Friday,13:30,16:30,Lab,In-person,A-3340
5,LOG210,ANALYSE ET CONCEPTION DE LOGICIELS,02,Monday,13:30,17:00,Lecture,In-person,D-5007
6,LOG240,TESTS ET MAINTENANCE,01,Monday,08:30,12:00,Lecture,In-person,D-5025
6,LOG240,TESTS ET MAINTENANCE,01,Wednesday,13:30,15:30,Lab,,A-3230
6,LOG240,TESTS ET MAINTENANCE,01,Wednesday,15:30,17:30,Lab,,A-3230
6,LOG240,TESTS ET MAINTENANCE,02,Monday,08:30,10:30,Lab,,A-3230
6,LOG240,TESTS ET MAINTENANCE,02,Monday,10:30,12:30,Lab,,A-3230
6,LOG240,TESTS ET MAINTENANCE,02,Wednesday,13:30,17:00,Lecture,In-person,D-5025
6,LOG320,STRUCTURES DE DONNÉES ET ALGORITHMES,01,Thursday,08:30,11:30,Lab,In-person,A-3346
6,LOG320,STRUCTURES DE DONNÉES ET ALGORITHMES,01,Wednesday,13:30,17:00,Lecture,In-person,D-4019
6,LOG320,STRUCTURES DE DONNÉES ET ALGORITHMES,02,Thursday,13:30,16:30,Lab,In-person,A-3346
6,LOG320,STRUCTURES DE DONNÉES ET ALGORITHMES,02,Wednesday,08:30,12:00,Lecture,In-person,B-4408
6,LOG410,ANALYSE DE BESOINS ET SPÉCIFICATIONS,01,Monday,08:30,12:00,Lecture,In-person,D-5007
6,LOG410,ANALYSE DE BESOINS ET SPÉCIFICATIONS,01,Tuesday,13:30,15:30,Lab,,A-3342
6,LOG410,ANALYSE DE BESOINS ET SPÉCIFICATIONS,01,Tuesday,15:30,17:30,Lab,,A-3342
6,LOG430,ARCHITECTURE LOGICIELLE,01,Tuesday,08:30,12:00,Lecture,In-person,D-5012
6,LOG430,ARCHITECTURE LOGICIELLE,01,Wednesday,08:30,11:30,Lab,In-person,A-3230
6,LOG430,ARCHITECTURE LOGICIELLE,02,Tuesday,08:30,11:30,Lab,In-person,A-3230
6,LOG430,ARCHITECTURE LOGICIELLE,02,Wednesday,08:30,12:00,Lecture,In-person,D-5025
6,LOG635,SYSTÈMES INTELLIGENTS ET ALGORITHMES,01,Monday,18:00,21:30,Lecture,In-person,D-4012
6,LOG635,SYSTÈMES INTELLIGENTS ET ALGORITHMES,01,Wednesday,18:00,20:00,Lab,In-person,A-3450
6,LOG645,ARCHITECTURES DE CALCULS PARALLÈLES,01,Monday,18:00,20:00,Lab,In-person,A-3342
6,LOG645,ARCHITECTURES DE CALCULS PARALLÈLES,01,Thursday,18:00,21:30,Lecture,In-person,F-5009
6,LOG660,BASES DE DONNÉES DE HAUTE PERFORMANCE,01,Thursday,08:30,11:30,Lab,Distance,A-3340
6,LOG660,BASES DE DONNÉES DE HAUTE PERFORMANCE,01,Tuesday,08:30,12:00,Lecture,Distance,M. Kaba
6,LOG660,BASES DE DONNÉES DE HAUTE PERFORMANCE,02,Thursday,08:30,12:00,Lecture,Distance,M. Kaba
6,LOG660,BASES DE DONNÉES DE HAUTE PERFORMANCE,02,Tuesday,08:30,11:30,Lab,Distance,A-3450
6,LOG680,INTRODUCTION À L'APPROCHE DEVOPS,01,Monday,08:30,10:30,Lab,,A-3346
6,LOG680,INTRODUCTION À L'APPROCHE DEVOPS,01,Monday,10:30,12:30,Lab,,A-3346
6,LOG680,INTRODUCTION À L'APPROCHE DEVOPS,01,Wednesday,13:30,17:00,Lecture,In-person,D-4017
6,LOG721,INTERGICIELS POUR APPLICATIONS DISTRIBUÉS,01,Friday,18:00,21:30,Lab,Distance,A-3340
6,LOG721,INTERGICIELS POUR APPLICATIONS DISTRIBUÉS,01,Wednesday,18:00,21:30,Lecture,Distance,K. Zhang
7,LOG791,PROJETS SPÉCIAUX Autorisation du directeur de,01,Wednesday,22:00,23:00,Project,In-person,
7,LOG795,PROJET DE FIN D'ÉTUDES EN GÉNIE LOGICIEL,01,Thursday,22:00,23:00,Lecture,In-person,
7,MAT144,INTRODUCTION AUX MATHÉMATIQUES DU GÉNIE,80,Monday,09:00,12:00,Lab,In-person,B-4416
7,MAT144,INTRODUCTION AUX MATHÉMATIQUES DU GÉNIE,80,Wednesday,09:00,12:30,Lecture,In-person,D-5009
7,MAT145,CALCUL DIFFÉRENTIEL ET INTÉGRAL,01,Friday,09:00,12:30,Lecture,In-person,B-1502
7,MAT145,CALCUL DIFFÉRENTIEL ET INTÉGRAL,01,Tuesday,13:30,16:30,Lab,In-person,B-1506
7,MAT145,CALCUL DIFFÉRENTIEL ET INTÉGRAL,02,Monday,13:30,17:00,Lecture,In-person,B-1404
7,MAT145,CALCUL DIFFÉRENTIEL ET INTÉGRAL,02,Thursday,13:30,16:30,Lab,In-person,B-1404
7,MAT145,CALCUL DIFFÉRENTIEL ET INTÉGRAL,03,Thursday,09:00,12:30,Lecture,In-person,B-1506
7,MAT145,CALCUL DIFFÉRENTIEL ET INTÉGRAL,03,Tuesday,09:00,12:00,Lab,In-person,B-3422
7,MAT145,CALCUL DIFFÉRENTIEL ET INTÉGRAL,04,Thursday,18:00,21:30,Lecture,In-person,B-1504
7,MAT145,CALCUL DIFFÉRENTIEL ET INTÉGRAL,04,Tuesday,18:00,21:00,Lab,In-person,B-1504
7,MAT210,LOGIQUE ET MATHÉMATIQUES DISCRÈTES,01,Friday,09:00,12:00,Lab,In-person,B-3428
7,MAT210,LOGIQUE ET MATHÉMATIQUES DISCRÈTES,01,Tuesday,13:30,17:00,Lecture,In-person,B-3428
7,MAT210,LOGIQUE ET MATHÉMATIQUES DISCRÈTES,02,Thursday,13:30,17:00,Lecture,In-person,B-1514
7,MAT210,LOGIQUE ET MATHÉMATIQUES DISCRÈTES,02,Tuesday,09:00,12:00,Lab,In-person,B-1514
7,MAT210,LOGIQUE ET MATHÉMATIQUES DISCRÈTES,03,Friday,09:00,12:30,Lecture,In-person,B-1720
7,MAT210,LOGIQUE ET MATHÉMATIQUES DISCRÈTES,03,Tuesday,13:30,16:30,Lab,In-person,B-4408
8,MAT265,ÉQUATIONS DIFFÉRENTIELLES,01,Tuesday,13:30,17:00,Lecture,In-person,B-1516
8,MAT265,ÉQUATIONS DIFFÉRENTIELLES,01,Wednesday,13:30,16:30,Lab,In-person,B-1708
8,MAT265,ÉQUATIONS DIFFÉRENTIELLES,02,Monday,13:30,16:30,Lab,In-person,B-1514
8,MAT265,ÉQUATIONS DIFFÉRENTIELLES,02,Thursday,09:00,12:30,Lecture,In-person,B-1518
8,MAT265,ÉQUATIONS DIFFÉRENTIELLES,03,Friday,13:30,16:30,Lab,In-person,B-1514
8,MAT265,ÉQUATIONS DIFFÉRENTIELLES,03,Tuesday,09:00,12:30,Lecture,In-person,B-1708
8,MAT265,ÉQUATIONS DIFFÉRENTIELLES,04,Monday,09:00,12:00,Lab,In-person,B-1514
8,MAT265,ÉQUATIONS DIFFÉRENTIELLES,04,Thursday,13:30,17:00,Lecture,In-person,B-1706
8,MAT265,ÉQUATIONS DIFFÉRENTIELLES,05,Friday,09:00,12:30,Lecture,In-person,B-1514
8,MAT265,ÉQUATIONS DIFFÉRENTIELLES,05,Wednesday,09:00,12:00,Lab,In-person,B-1706
8,MAT265,ÉQUATIONS DIFFÉRENTIELLES,06,Monday,18:00,21:30,Lecture,In-person,B-1708
8,MAT265,ÉQUATIONS DIFFÉRENTIELLES,06,Wednesday,18:00,21:00,Lab,In-person,B-1708
8,MAT265,ÉQUATIONS DIFFÉRENTIELLES,07,Friday,13:30,17:00,Lecture,In-person,B-1708
8,MAT265,ÉQUATIONS DIFFÉRENTIELLES,07,Tuesday,09:00,12:00,Lab,In-person,B-1504
8,MAT350,PROBABILITÉS ET STATISTIQUES,01,Friday,13:30,16:30,Lab,In-person,B-1516
8,MAT350,PROBABILITÉS ET STATISTIQUES,01,Tuesday,09:00,12:30,Lecture,In-person,B-1516
8,MAT350,PROBABILITÉS ET STATISTIQUES,02,Monday,09:00,12:30,Lecture,In-person,B-1518
8,MAT350,PROBABILITÉS ET STATISTIQUES,02,Wednesday,13:30,16:30,Lab,In-person,B-1514
8,MAT350,PROBABILITÉS ET STATISTIQUES,03,Thursday,13:30,16:30,Lab,In-person,B-1518
8,MAT350,PROBABILITÉS ET STATISTIQUES,03,Tuesday,13:30,17:00,Lecture,In-person,B-1504
8,MAT350,PROBABILITÉS ET STATISTIQUES,04,Monday,13:30,16:30,Lab,In-person,B-1708
8,MAT350,PROBABILITÉS ET STATISTIQUES,04,Thursday,09:00,12:30,Lecture,In-person,B-1708
8,MAT350,PROBABILITÉS ET STATISTIQUES,05,Friday,09:00,12:00,Lab,In-person,B-1516
8,MAT350,PROBABILITÉS ET STATISTIQUES,05,Wednesday,09:00,12:30,Lecture,In-person,B-1708
8,MAT350,PROBABILITÉS ET STATISTIQUES,06,Friday,18:00,21:30,Lecture,In-person,B-1514
8,MAT350,PROBABILITÉS ET STATISTIQUES,06,Tuesday,18:00,21:00,Lab,In-person,B-1516
8,MAT350,PROBABILITÉS ET STATISTIQUES,08,Friday,18:00,21:00,Lab,In-person,B-1706
8,MAT350,PROBABILITÉS ET STATISTIQUES,08,Tuesday,18:00,21:30,Lecture,In-person,B-1706
8,MAT472,ALGÈBRE LINÉAIRE ET GÉOMÉTRIE DE L'ESPACE,01,Friday,13:30,16:30,Lab,In-person,B-3428
8,MAT472,ALGÈBRE LINÉAIRE ET GÉOMÉTRIE DE L'ESPACE,01,Wednesday,13:30,17:00,Lecture,In-person,B-0906
8,MAT472,ALGÈBRE LINÉAIRE ET GÉOMÉTRIE DE L'ESPACE,02,Friday,09:00,12:30,Lecture,In-person,B-1504
8,MAT472,ALGÈBRE LINÉAIRE ET GÉOMÉTRIE DE L'ESPACE,02,Tuesday,13:30,16:30,Lab,In-person,B-1706
8,MAT472,ALGÈBRE LINÉAIRE ET GÉOMÉTRIE DE L'ESPACE,03,Thursday,18:00,21:30,Lecture,In-person,B-1706
8,MAT472,ALGÈBRE LINÉAIRE ET GÉOMÉTRIE DE L'ESPACE,03,Tuesday,18:00,21:00,Lab,In-person,B-1514
8,MAT472,ALGÈBRE LINÉAIRE ET GÉOMÉTRIE DE L'ESPACE,04,Friday,13:30,17:00,Lecture,In-person,D-4007
8,MAT472,ALGÈBRE LINÉAIRE ET GÉOMÉTRIE DE L'ESPACE,04,Wednesday,13:30,16:30,Lab,In-person,B-4408
9,PEP110,ENCADREMENT DE LA PROFESSION ET ÉTHIQUE,01,Thursday,13:30,17:00,Workshop,In-person,B-0908
9,PEP110,ENCADREMENT DE LA PROFESSION ET ÉTHIQUE,02,Tuesday,09:00,12:30,Workshop,In-person,B-0906
9,PEP110,ENCADREMENT DE LA PROFESSION ET ÉTHIQUE,03,Monday,13:30,17:00,Workshop,Distance,T. Mekhaël
9,PEP110,ENCADREMENT DE LA PROFESSION ET ÉTHIQUE,04,Monday,13:30,17:00,Workshop,Distance,T. Mekhaël
9,PEP110,ENCADREMENT DE LA PROFESSION ET ÉTHIQUE,05,Wednesday,18:00,21:30,Workshop,Distance,T. Mekhaël
9,PEP110,ENCADREMENT DE LA PROFESSION ET ÉTHIQUE,06,Wednesday,18:00,21:30,Workshop,Distance,T. Mekhaël
9,PHY144,INTRODUCTION À LA PHYSIQUE DU GÉNIE (HORS,80,Thursday,09:00,12:00,Lab,In-person,B-1502
9,PHY144,INTRODUCTION À LA PHYSIQUE DU GÉNIE (HORS,80,Tuesday,09:00,12:30,Lecture,In-person,B-1502
10,PHY332,ÉLECTRICITÉ ET MAGNÉTISME,01,Monday,09:00,12:30,Lecture,In-person,B-1502
10,PHY332,ÉLECTRICITÉ ET MAGNÉTISME,01,Wednesday,13:30,16:30,Lab,In-person,B-1518
10,PHY332,ÉLECTRICITÉ ET MAGNÉTISME,02,Thursday,09:00,12:00,Lab,In-person,B-1516
10,PHY332,ÉLECTRICITÉ ET MAGNÉTISME,02,Tuesday,13:30,17:00,Lecture,In-person,B-1708
10,PHY332,ÉLECTRICITÉ ET MAGNÉTISME,03,Tuesday,09:00,12:30,Lecture,In-person,B-1506
10,PHY332,ÉLECTRICITÉ ET MAGNÉTISME,03,Wednesday,09:00,12:00,Lab,In-person,B-1518
10,PHY332,ÉLECTRICITÉ ET MAGNÉTISME,04,Thursday,18:00,21:30,Lecture,In-person,B-1514
10,PHY332,ÉLECTRICITÉ ET MAGNÉTISME,04,Wednesday,18:00,21:00,Lab,In-person,B-1516
10,PHY332,ÉLECTRICITÉ ET MAGNÉTISME,05,Tuesday,09:00,12:00,Lab,In-person,B-4408
10,PHY332,ÉLECTRICITÉ ET MAGNÉTISME,05,Wednesday,09:00,12:30,Lecture,In-person,B-1506
10,PHY335,PHYSIQUE DES ONDES,01,Monday,09:00,12:30,Lecture,In-person,B-1508
10,PHY335,PHYSIQUE DES ONDES,01,Wednesday,13:30,16:30,Lab,In-person,B-1508
10,PHY335,PHYSIQUE DES ONDES,02,Thursday,13:30,16:30,Lab,In-person,B-1504
10,PHY335,PHYSIQUE DES ONDES,02,Tuesday,13:30,17:00,Lecture,In-person,B-1502
10,PHY335,PHYSIQUE DES ONDES,03,Tuesday,09:00,12:30,Lecture,In-person,B-1518
10,PHY335,PHYSIQUE DES ONDES,03,Wednesday,09:00,12:00,Lab,In-person,B-1514
10,PHY335,PHYSIQUE DES ONDES,04,Monday,18:00,21:30,Lecture,In-person,B-1514
10,PHY335,PHYSIQUE DES ONDES,04,Tuesday,18:00,21:00,Lab,In-person,B-1708
10,PHY335,PHYSIQUE DES ONDES,05,Tuesday,09:00,12:00,Lab,In-person,B-4416
10,PHY335,PHYSIQUE DES ONDES,05,Wednesday,09:00,12:30,Lecture,In-person,B-1502
10,PRE011,DÉVELOPPEMENT PROFESSIONNEL ET INITIATION À LA,01,Friday,18:00,21:30,Workshop,In-person,B-1504
10,PRE011,DÉVELOPPEMENT PROFESSIONNEL ET INITIATION À LA,01,Saturday,09:00,17:00,Lecture,In-person,B-1504
10,PRE011,DÉVELOPPEMENT PROFESSIONNEL ET INITIATION À LA,12,Wednesday,18:00,21:30,Workshop,In-person,B-1518
11,PRE013,DÉVELOPPEMENT PROFESSIONNEL ET SANTÉ ET,01,Friday,18:00,21:30,Workshop,In-person,B-1404
11,PRE013,DÉVELOPPEMENT PROFESSIONNEL ET SANTÉ ET,01,Saturday,09:00,17:00,Lecture,In-person,B-1404
11,PRE013,DÉVELOPPEMENT PROFESSIONNEL ET SANTÉ ET,02,Tuesday,13:30,17:00,Workshop,In-person,B-3404
11,TIN503,"ENVIRONNEMENT, TECHNOLOGIE ET SOCIÉTÉ",02,Monday,13:30,17:00,Lecture,In-person,D-5008
11,TIN503,"ENVIRONNEMENT, TECHNOLOGIE ET SOCIÉTÉ",02,Tuesday,13:30,17:30,Lab,,D-5008
11,TIN503,"ENVIRONNEMENT, TECHNOLOGIE ET SOCIÉTÉ",03,Thursday,08:30,12:30,Lab,,D-4012
11,TIN503,"ENVIRONNEMENT, TECHNOLOGIE ET SOCIÉTÉ",03,Wednesday,09:00,12:30,Lecture,In-person,D-5008
11,TIN503,"ENVIRONNEMENT, TECHNOLOGIE ET SOCIÉTÉ",04,Friday,09:00,12:30,Lecture,In-person,D-5008
11,TIN503,"ENVIRONNEMENT, TECHNOLOGIE ET SOCIÉTÉ",04,Thursday,13:30,17:30,Lab,,D-4012
11,TIN503,"ENVIRONNEMENT, TECHNOLOGIE ET SOCIÉTÉ",05,Monday,08:30,12:30,Lab,,D-5008
11,TIN503,"ENVIRONNEMENT, TECHNOLOGIE ET SOCIÉTÉ",05,Wednesday,13:30,17:00,Lecture,In-person,D-5008
11,TIN503,"ENVIRONNEMENT, TECHNOLOGIE ET SOCIÉTÉ",06,Tuesday,18:00,22:00,Lab,,
11,TIN503,"ENVIRONNEMENT, TECHNOLOGIE ET SOCIÉTÉ",06,Wednesday,18:00,21:30,Lecture,Hybrid,M. Lejeune
11,TIN503,"ENVIRONNEMENT, TECHNOLOGIE ET SOCIÉTÉ",07,Monday,18:00,21:30,Lecture,Hybrid,M. Lejeune
12,TIN503,"ENVIRONNEMENT, TECHNOLOGIE ET SOCIÉTÉ",07,Thursday,18:00,22:00,Lab,,
